,BATCH_MESSAGE
234,Path not exist: images\preprocessed\EYrainbow_leucine_large\probability_peroxisome_EYrainbow_leu-0_hour-3_field-0.h5
235,Path not exist: images\preprocessed\EYrainbow_leucine_large\probability_vacuole_EYrainbow_leu-0_hour-3_field-0.h5
240,Path not exist: images\preprocessed\EYrainbow_leucine_large\probability_peroxisome_EYrainbow_leu-0_hour-3_field-1.h5
241,Path not exist: images\preprocessed\EYrainbow_leucine_large\probability_vacuole_EYrainbow_leu-0_hour-3_field-1.h5
246,Path not exist: images\preprocessed\EYrainbow_leucine_large\probability_peroxisome_EYrainbow_leu-0_hour-3_field-2.h5
247,Path not exist: images\preprocessed\EYrainbow_leucine_large\probability_vacuole_EYrainbow_leu-0_hour-3_field-2.h5
252,Path not exist: images\preprocessed\EYrainbow_leucine_large\probability_peroxisome_EYrainbow_leu-0_hour-3_field-3.h5
253,Path not exist: images\preprocessed\EYrainbow_leucine_large\probability_vacuole_EYrainbow_leu-0_hour-3_field-3.h5
258,Path not exist: images\preprocessed\EYrainbow_leucine_large\probability_peroxisome_EYrainbow_leu-0_hour-3_field-4.h5
259,Path not exist: images\preprocessed\EYrainbow_leucine_large\probability_vacuole_EYrainbow_leu-0_hour-3_field-4.h5
264,Path not exist: images\preprocessed\EYrainbow_leucine_large\probability_peroxisome_EYrainbow_leu-0_hour-3_field-5.h5
265,Path not exist: images\preprocessed\EYrainbow_leucine_large\probability_vacuole_EYrainbow_leu-0_hour-3_field-5.h5
270,Path not exist: images\preprocessed\EYrainbow_leucine_large\probability_peroxisome_EYrainbow_leu-0_hour-3_field-6.h5
271,Path not exist: images\preprocessed\EYrainbow_leucine_large\probability_vacuole_EYrainbow_leu-0_hour-3_field-6.h5
276,Path not exist: images\preprocessed\EYrainbow_leucine_large\probability_peroxisome_EYrainbow_leu-0_hour-3_field-7.h5
277,Path not exist: images\preprocessed\EYrainbow_leucine_large\probability_vacuole_EYrainbow_leu-0_hour-3_field-7.h5
282,Path not exist: images\preprocessed\EYrainbow_leucine_large\probability_peroxisome_EYrainbow_leu-0_hour-3_field-8.h5
283,Path not exist: images\preprocessed\EYrainbow_leucine_large\probability_vacuole_EYrainbow_leu-0_hour-3_field-8.h5
288,Path not exist: images\preprocessed\EYrainbow_leucine_large\probability_peroxisome_EYrainbow_leu-0_hour-3_field-9.h5
289,Path not exist: images\preprocessed\EYrainbow_leucine_large\probability_vacuole_EYrainbow_leu-0_hour-3_field-9.h5
294,Path not exist: images\preprocessed\EYrainbow_leucine_large\probability_peroxisome_EYrainbow_leu-100_hour-3_field-1.h5
295,Path not exist: images\preprocessed\EYrainbow_leucine_large\probability_vacuole_EYrainbow_leu-100_hour-3_field-1.h5
300,Path not exist: images\preprocessed\EYrainbow_leucine_large\probability_peroxisome_EYrainbow_leu-100_hour-3_field-3.h5
301,Path not exist: images\preprocessed\EYrainbow_leucine_large\probability_vacuole_EYrainbow_leu-100_hour-3_field-3.h5
306,Path not exist: images\preprocessed\EYrainbow_leucine_large\probability_peroxisome_EYrainbow_leu-100_hour-3_field-4.h5
307,Path not exist: images\preprocessed\EYrainbow_leucine_large\probability_vacuole_EYrainbow_leu-100_hour-3_field-4.h5
312,Path not exist: images\preprocessed\EYrainbow_leucine_large\probability_peroxisome_EYrainbow_leu-100_hour-3_field-5.h5
313,Path not exist: images\preprocessed\EYrainbow_leucine_large\probability_vacuole_EYrainbow_leu-100_hour-3_field-5.h5
318,Path not exist: images\preprocessed\EYrainbow_leucine_large\probability_peroxisome_EYrainbow_leu-100_hour-3_field-7.h5
319,Path not exist: images\preprocessed\EYrainbow_leucine_large\probability_vacuole_EYrainbow_leu-100_hour-3_field-7.h5
324,Path not exist: images\preprocessed\EYrainbow_leucine_large\probability_peroxisome_EYrainbow_leu-100_hour-3_field-8.h5
325,Path not exist: images\preprocessed\EYrainbow_leucine_large\probability_vacuole_EYrainbow_leu-100_hour-3_field-8.h5
330,Path not exist: images\preprocessed\EYrainbow_leucine_large\probability_peroxisome_EYrainbow_leu-25_hour-3_field-0.h5
331,Path not exist: images\preprocessed\EYrainbow_leucine_large\probability_vacuole_EYrainbow_leu-25_hour-3_field-0.h5
336,Path not exist: images\preprocessed\EYrainbow_leucine_large\probability_peroxisome_EYrainbow_leu-25_hour-3_field-1.h5
337,Path not exist: images\preprocessed\EYrainbow_leucine_large\probability_vacuole_EYrainbow_leu-25_hour-3_field-1.h5
342,Path not exist: images\preprocessed\EYrainbow_leucine_large\probability_peroxisome_EYrainbow_leu-25_hour-3_field-2.h5
343,Path not exist: images\preprocessed\EYrainbow_leucine_large\probability_vacuole_EYrainbow_leu-25_hour-3_field-2.h5
348,Path not exist: images\preprocessed\EYrainbow_leucine_large\probability_peroxisome_EYrainbow_leu-25_hour-3_field-3.h5
349,Path not exist: images\preprocessed\EYrainbow_leucine_large\probability_vacuole_EYrainbow_leu-25_hour-3_field-3.h5
354,Path not exist: images\preprocessed\EYrainbow_leucine_large\probability_peroxisome_EYrainbow_leu-25_hour-3_field-4.h5
355,Path not exist: images\preprocessed\EYrainbow_leucine_large\probability_vacuole_EYrainbow_leu-25_hour-3_field-4.h5
360,Path not exist: images\preprocessed\EYrainbow_leucine_large\probability_peroxisome_EYrainbow_leu-25_hour-3_field-5.h5
361,Path not exist: images\preprocessed\EYrainbow_leucine_large\probability_vacuole_EYrainbow_leu-25_hour-3_field-5.h5
366,Path not exist: images\preprocessed\EYrainbow_leucine_large\probability_peroxisome_EYrainbow_leu-25_hour-3_field-7.h5
367,Path not exist: images\preprocessed\EYrainbow_leucine_large\probability_vacuole_EYrainbow_leu-25_hour-3_field-7.h5
372,Path not exist: images\preprocessed\EYrainbow_leucine_large\probability_peroxisome_EYrainbow_leu-25_hour-3_field-8.h5
373,Path not exist: images\preprocessed\EYrainbow_leucine_large\probability_vacuole_EYrainbow_leu-25_hour-3_field-8.h5
378,Path not exist: images\preprocessed\EYrainbow_leucine_large\probability_peroxisome_EYrainbow_leu-25_hour-3_field-9.h5
379,Path not exist: images\preprocessed\EYrainbow_leucine_large\probability_vacuole_EYrainbow_leu-25_hour-3_field-9.h5
384,Path not exist: images\preprocessed\EYrainbow_leucine_large\probability_peroxisome_EYrainbow_leu-50_hour-3_field-0.h5
385,Path not exist: images\preprocessed\EYrainbow_leucine_large\probability_vacuole_EYrainbow_leu-50_hour-3_field-0.h5
390,Path not exist: images\preprocessed\EYrainbow_leucine_large\probability_peroxisome_EYrainbow_leu-50_hour-3_field-1.h5
391,Path not exist: images\preprocessed\EYrainbow_leucine_large\probability_vacuole_EYrainbow_leu-50_hour-3_field-1.h5
396,Path not exist: images\preprocessed\EYrainbow_leucine_large\probability_peroxisome_EYrainbow_leu-50_hour-3_field-10.h5
397,Path not exist: images\preprocessed\EYrainbow_leucine_large\probability_vacuole_EYrainbow_leu-50_hour-3_field-10.h5
402,Path not exist: images\preprocessed\EYrainbow_leucine_large\probability_peroxisome_EYrainbow_leu-50_hour-3_field-11.h5
403,Path not exist: images\preprocessed\EYrainbow_leucine_large\probability_vacuole_EYrainbow_leu-50_hour-3_field-11.h5
408,Path not exist: images\preprocessed\EYrainbow_leucine_large\probability_peroxisome_EYrainbow_leu-50_hour-3_field-2.h5
409,Path not exist: images\preprocessed\EYrainbow_leucine_large\probability_vacuole_EYrainbow_leu-50_hour-3_field-2.h5
414,Path not exist: images\preprocessed\EYrainbow_leucine_large\probability_peroxisome_EYrainbow_leu-50_hour-3_field-3.h5
415,Path not exist: images\preprocessed\EYrainbow_leucine_large\probability_vacuole_EYrainbow_leu-50_hour-3_field-3.h5
420,Path not exist: images\preprocessed\EYrainbow_leucine_large\probability_peroxisome_EYrainbow_leu-50_hour-3_field-4.h5
421,Path not exist: images\preprocessed\EYrainbow_leucine_large\probability_vacuole_EYrainbow_leu-50_hour-3_field-4.h5
426,Path not exist: images\preprocessed\EYrainbow_leucine_large\probability_peroxisome_EYrainbow_leu-50_hour-3_field-5.h5
427,Path not exist: images\preprocessed\EYrainbow_leucine_large\probability_vacuole_EYrainbow_leu-50_hour-3_field-5.h5
432,Path not exist: images\preprocessed\EYrainbow_leucine_large\probability_peroxisome_EYrainbow_leu-50_hour-3_field-6.h5
433,Path not exist: images\preprocessed\EYrainbow_leucine_large\probability_vacuole_EYrainbow_leu-50_hour-3_field-6.h5
438,Path not exist: images\preprocessed\EYrainbow_leucine_large\probability_peroxisome_EYrainbow_leu-50_hour-3_field-7.h5
439,Path not exist: images\preprocessed\EYrainbow_leucine_large\probability_vacuole_EYrainbow_leu-50_hour-3_field-7.h5
444,Path not exist: images\preprocessed\EYrainbow_leucine_large\probability_peroxisome_EYrainbow_leu-50_hour-3_field-8.h5
445,Path not exist: images\preprocessed\EYrainbow_leucine_large\probability_vacuole_EYrainbow_leu-50_hour-3_field-8.h5
450,Path not exist: images\preprocessed\EYrainbow_leucine_large\probability_peroxisome_EYrainbow_leu-50_hour-3_field-9.h5
451,Path not exist: images\preprocessed\EYrainbow_leucine_large\probability_vacuole_EYrainbow_leu-50_hour-3_field-9.h5
456,Path not exist: images\preprocessed\EYrainbow_leucine_large\probability_peroxisome_EYrainbow_leu-75_hour-3_field-1.h5
457,Path not exist: images\preprocessed\EYrainbow_leucine_large\probability_vacuole_EYrainbow_leu-75_hour-3_field-1.h5
462,Path not exist: images\preprocessed\EYrainbow_leucine_large\probability_peroxisome_EYrainbow_leu-75_hour-3_field-2.h5
463,Path not exist: images\preprocessed\EYrainbow_leucine_large\probability_vacuole_EYrainbow_leu-75_hour-3_field-2.h5
468,Path not exist: images\preprocessed\EYrainbow_leucine_large\probability_peroxisome_EYrainbow_leu-75_hour-3_field-4.h5
469,Path not exist: images\preprocessed\EYrainbow_leucine_large\probability_vacuole_EYrainbow_leu-75_hour-3_field-4.h5
474,Path not exist: images\preprocessed\EYrainbow_leucine_large\probability_peroxisome_EYrainbow_leu-75_hour-3_field-5.h5
475,Path not exist: images\preprocessed\EYrainbow_leucine_large\probability_vacuole_EYrainbow_leu-75_hour-3_field-5.h5
480,Path not exist: images\preprocessed\EYrainbow_leucine_large\probability_peroxisome_EYrainbow_leu-75_hour-3_field-6.h5
481,Path not exist: images\preprocessed\EYrainbow_leucine_large\probability_vacuole_EYrainbow_leu-75_hour-3_field-6.h5
486,Path not exist: images\preprocessed\EYrainbow_leucine_large\probability_peroxisome_EYrainbow_leu-75_hour-3_field-7.h5
487,Path not exist: images\preprocessed\EYrainbow_leucine_large\probability_vacuole_EYrainbow_leu-75_hour-3_field-7.h5
492,Path not exist: images\preprocessed\EYrainbow_leucine_large\probability_peroxisome_EYrainbow_leu-75_hour-3_field-8.h5
493,Path not exist: images\preprocessed\EYrainbow_leucine_large\probability_vacuole_EYrainbow_leu-75_hour-3_field-8.h5
498,Path not exist: images\preprocessed\EYrainbow_leucine_large\probability_peroxisome_EYrainbow_leu-75_hour-3_field-9.h5
499,Path not exist: images\preprocessed\EYrainbow_leucine_large\probability_vacuole_EYrainbow_leu-75_hour-3_field-9.h5
